freq,peak,peak_err
0.8875,3.82,0.12999999999999998
0.9435,5.159999999999999,0.36000000000000004
1.3675,2.84,0.38
2.61220584168,2.000386593863368,0.4607241633094839
4.988893123144,0.7411006954498589,0.05556021000413519
6.01297378436,0.5821437225677073,0.04621045654020368
8.488168741891,0.20405591931194067,0.030170691627481462
9.512249403108,0.18080242443829775,0.029203216117522423
